file,column,data type,length
2015-2016_Demographic_Data_-_Grades_K-8_School.csv,DBN,varchar,6
2015-2016_Demographic_Data_-_Grades_K-8_School.csv,School Name,varchar,60
2015-2016_Demographic_Data_-_Grades_K-8_School.csv,Category,varchar,60
2015-2016_Demographic_Data_-_Grades_K-8_School.csv,Year,varchar,7
2015-2016_Demographic_Data_-_Grades_K-8_School.csv,Total Enrollment,Float,Null
2015-2016_Demographic_Data_-_Grades_K-8_School.csv,#Grade K,varchar,7
2015-2016_Demographic_Data_-_Grades_K-8_School.csv,#Grade 1,varchar,7
2015-2016_Demographic_Data_-_Grades_K-8_School.csv,#Grade 2,varchar,7
2015-2016_Demographic_Data_-_Grades_K-8_School.csv,#Grade 3,varchar,7
2015-2016_Demographic_Data_-_Grades_K-8_School.csv,#Grade 4,varchar,7
2015-2016_Demographic_Data_-_Grades_K-8_School.csv,#Grade 5,varchar,7
2015-2016_Demographic_Data_-_Grades_K-8_School.csv,#Grade 6,varchar,7
2015-2016_Demographic_Data_-_Grades_K-8_School.csv,#Grade 7,varchar,7
2015-2016_Demographic_Data_-_Grades_K-8_School.csv,#Grade 8,varchar,7
2015-2016_Demographic_Data_-_Grades_K-8_School.csv,#Female,varchar,4
2015-2016_Demographic_Data_-_Grades_K-8_School.csv,%Female,varchar,30
2015-2016_Demographic_Data_-_Grades_K-8_School.csv,#Male,varchar,4
2015-2016_Demographic_Data_-_Grades_K-8_School.csv,%Male,varchar,30
2015-2016_Demographic_Data_-_Grades_K-8_School.csv,#Asian,varchar,4
2015-2016_Demographic_Data_-_Grades_K-8_School.csv,%Asian,varchar,30
2015-2016_Demographic_Data_-_Grades_K-8_School.csv,#Black,varchar,4
2015-2016_Demographic_Data_-_Grades_K-8_School.csv,%Black,varchar,30
2015-2016_Demographic_Data_-_Grades_K-8_School.csv,#Hispanic,varchar,4
2015-2016_Demographic_Data_-_Grades_K-8_School.csv,%Hispanic,varchar,30
2015-2016_Demographic_Data_-_Grades_K-8_School.csv,#Other,varchar,3
2015-2016_Demographic_Data_-_Grades_K-8_School.csv,%Other,varchar,30
2015-2016_Demographic_Data_-_Grades_K-8_School.csv,#White,varchar,4
2015-2016_Demographic_Data_-_Grades_K-8_School.csv,%White ,varchar,30
2015-2016_Demographic_Data_-_Grades_K-8_School.csv,#ELL Spanish ,varchar,7
2015-2016_Demographic_Data_-_Grades_K-8_School.csv,%ELL Spanish,varchar,30
2015-2016_Demographic_Data_-_Grades_K-8_School.csv,#ELL Chinese,varchar,7
2015-2016_Demographic_Data_-_Grades_K-8_School.csv,%ELL Chinese,varchar,30
2015-2016_Demographic_Data_-_Grades_K-8_School.csv,#ELL Bengali,varchar,7
2015-2016_Demographic_Data_-_Grades_K-8_School.csv,%ELL Bengali,varchar,30
2015-2016_Demographic_Data_-_Grades_K-8_School.csv,#ELL Arabic,varchar,7
2015-2016_Demographic_Data_-_Grades_K-8_School.csv,%ELL Arabic,varchar,30
2015-2016_Demographic_Data_-_Grades_K-8_School.csv,#ELL Haitian Creole,varchar,7
2015-2016_Demographic_Data_-_Grades_K-8_School.csv,%ELL Haitian Creole,varchar,30
2015-2016_Demographic_Data_-_Grades_K-8_School.csv,#ELL French,varchar,7
2015-2016_Demographic_Data_-_Grades_K-8_School.csv,%ELL French,varchar,30
2015-2016_Demographic_Data_-_Grades_K-8_School.csv,#ELL Russian,varchar,7
2015-2016_Demographic_Data_-_Grades_K-8_School.csv,%ELL Russian,varchar,30
2015-2016_Demographic_Data_-_Grades_K-8_School.csv,#ELL Korean,varchar,7
2015-2016_Demographic_Data_-_Grades_K-8_School.csv,%ELL Korean,varchar,30
2015-2016_Demographic_Data_-_Grades_K-8_School.csv,#ELL Urdu,varchar,7
2015-2016_Demographic_Data_-_Grades_K-8_School.csv,%ELL Urdu,varchar,30
2015-2016_Demographic_Data_-_Grades_K-8_School.csv,#ELL Other,varchar,7
2015-2016_Demographic_Data_-_Grades_K-8_School.csv,%ELL Other,varchar,30
2015-2016_Demographic_Data_-_Grades_K-8_School.csv,ELA #Test Takers,varchar,7
2015-2016_Demographic_Data_-_Grades_K-8_School.csv,ELA #Level 1,varchar,7
2015-2016_Demographic_Data_-_Grades_K-8_School.csv,ELA %Level 1,varchar,30
2015-2016_Demographic_Data_-_Grades_K-8_School.csv,ELA #Level 2,varchar,7
2015-2016_Demographic_Data_-_Grades_K-8_School.csv,ELA %Level 2,varchar,30
2015-2016_Demographic_Data_-_Grades_K-8_School.csv,ELA #Level 3,varchar,7
2015-2016_Demographic_Data_-_Grades_K-8_School.csv,ELA %Level 3,varchar,30
2015-2016_Demographic_Data_-_Grades_K-8_School.csv,ELA #Level 4,varchar,7
2015-2016_Demographic_Data_-_Grades_K-8_School.csv,ELA %Level 4,varchar,30
2015-2016_Demographic_Data_-_Grades_K-8_School.csv,ELA #L3+L4,varchar,7
2015-2016_Demographic_Data_-_Grades_K-8_School.csv,ELA %L3+L4,varchar,30
2015-2016_Demographic_Data_-_Grades_K-8_School.csv,Math #Test Takers,varchar,7
2015-2016_Demographic_Data_-_Grades_K-8_School.csv,MATH #Level 1,varchar,7
2015-2016_Demographic_Data_-_Grades_K-8_School.csv,MATH %Level 1,varchar,30
2015-2016_Demographic_Data_-_Grades_K-8_School.csv,MATH #Level 2,varchar,7
2015-2016_Demographic_Data_-_Grades_K-8_School.csv,MATH %Level 2,varchar,30
2015-2016_Demographic_Data_-_Grades_K-8_School.csv,MATH #Level 3,varchar,7
2015-2016_Demographic_Data_-_Grades_K-8_School.csv,MATH %Level 3,varchar,30
2015-2016_Demographic_Data_-_Grades_K-8_School.csv,MATH #Level 4,varchar,7
2015-2016_Demographic_Data_-_Grades_K-8_School.csv,MATH %Level 4,varchar,30
2015-2016_Demographic_Data_-_Grades_K-8_School.csv,MATH #L3+L4,varchar,7
2015-2016_Demographic_Data_-_Grades_K-8_School.csv,MATH %L3 + L4,varchar,30
NYPD_Shooting_Incident_Data__Historic_.csv,INCIDENT_KEY,Int,Null
NYPD_Shooting_Incident_Data__Historic_.csv,OCCUR_DATE,datetime,Null
NYPD_Shooting_Incident_Data__Historic_.csv,OCCUR_TIME,datetime,Null
NYPD_Shooting_Incident_Data__Historic_.csv,BORO,varchar,20
NYPD_Shooting_Incident_Data__Historic_.csv,PRECINCT,Int,Null
NYPD_Shooting_Incident_Data__Historic_.csv,JURISDICTION_CODE,Float,Null
NYPD_Shooting_Incident_Data__Historic_.csv,LOCATION_DESC,varchar,30
NYPD_Shooting_Incident_Data__Historic_.csv,PERP_AGE_GROUP,varchar,7.0
NYPD_Shooting_Incident_Data__Historic_.csv,PERP_SEX,varchar,1.0
NYPD_Shooting_Incident_Data__Historic_.csv,PERP_RACE,varchar,40
NYPD_Shooting_Incident_Data__Historic_.csv,VIC_AGE_GROUP,varchar,7
NYPD_Shooting_Incident_Data__Historic_.csv,VIC_SEX,varchar,1
NYPD_Shooting_Incident_Data__Historic_.csv,VIC_RACE,varchar,40
NYPD_Shooting_Incident_Data__Historic_.csv,X_COORD_CD,varchar,9
NYPD_Shooting_Incident_Data__Historic_.csv,Y_COORD_CD,varchar,7
NYPD_Shooting_Incident_Data__Historic_.csv,Latitude,Float,Null
NYPD_Shooting_Incident_Data__Historic_.csv,Longitude,Float,Null
NYPD_Shooting_Incident_Data__Historic_.csv,Lon_Lat,varchar,60
Summary_Financial_Information_for_State_Authorities.csv,Authority Name,varchar,110
Summary_Financial_Information_for_State_Authorities.csv,Fiscal Year End Date,datetime,Null
Summary_Financial_Information_for_State_Authorities.csv,Cash/Cash Equivalents,Float,Null
Summary_Financial_Information_for_State_Authorities.csv,Investments,Float,Null
Summary_Financial_Information_for_State_Authorities.csv,"Receivables, Net",Float,Null
Summary_Financial_Information_for_State_Authorities.csv,Other Assets (Current),Float,Null
Summary_Financial_Information_for_State_Authorities.csv,Total Current Assets,Float,Null
Summary_Financial_Information_for_State_Authorities.csv,Restricted Cash And Investments,Float,Null
Summary_Financial_Information_for_State_Authorities.csv,"Long-Term Receivables, Net",Float,Null
Summary_Financial_Information_for_State_Authorities.csv,Other Assets (Noncurrent),Float,Null
Summary_Financial_Information_for_State_Authorities.csv,Land And Other Non-Depreciable Property,Float,Null
Summary_Financial_Information_for_State_Authorities.csv,Buildings And Equipment,Float,Null
Summary_Financial_Information_for_State_Authorities.csv,Infrastructure,Float,Null
Summary_Financial_Information_for_State_Authorities.csv,Accumulated Depreciation,Float,Null
Summary_Financial_Information_for_State_Authorities.csv,Net Capital Assets,Float,Null
Summary_Financial_Information_for_State_Authorities.csv,Total Noncurrent Assets,Float,Null
Summary_Financial_Information_for_State_Authorities.csv,Total Assets,Float,Null
Summary_Financial_Information_for_State_Authorities.csv,Accounts Payable,Float,Null
Summary_Financial_Information_for_State_Authorities.csv,Pension Contribution Payable (Current),Float,Null
Summary_Financial_Information_for_State_Authorities.csv,Other Post-Employment Benefits (Current),Float,Null
Summary_Financial_Information_for_State_Authorities.csv,Accrued Liabilities,Float,Null
Summary_Financial_Information_for_State_Authorities.csv,Deferred Revenues,Float,Null
Summary_Financial_Information_for_State_Authorities.csv,Bonds And Notes Payable (Current),Float,Null
Summary_Financial_Information_for_State_Authorities.csv,Other Long-Term Obligations Due Within One Year,Float,Null
Summary_Financial_Information_for_State_Authorities.csv,Total Current Liabilities,Float,Null
Summary_Financial_Information_for_State_Authorities.csv,Pension Contribution Payable (Noncurrent),Float,Null
Summary_Financial_Information_for_State_Authorities.csv,Other Post-Employment Benefits (Noncurrent),Float,Null
Summary_Financial_Information_for_State_Authorities.csv,BondsAnd Notes Payable (Noncurrent),Float,Null
Summary_Financial_Information_for_State_Authorities.csv,Long-Term Leases,Float,Null
Summary_Financial_Information_for_State_Authorities.csv,Other Long-Term Obligations,Float,Null
Summary_Financial_Information_for_State_Authorities.csv,Total Noncurrent Liabilities,Float,Null
Summary_Financial_Information_for_State_Authorities.csv,Total Liabilities,Float,Null
Summary_Financial_Information_for_State_Authorities.csv,"Invested In Capital Assets, Net Of Related Debt",Float,Null
Summary_Financial_Information_for_State_Authorities.csv,Restricted Net Assets,Float,Null
Summary_Financial_Information_for_State_Authorities.csv,Unrestricted Net Assets,Float,Null
Summary_Financial_Information_for_State_Authorities.csv,Total Net Assets,Float,Null
Summary_Financial_Information_for_State_Authorities.csv,Charges For Services,Float,Null
Summary_Financial_Information_for_State_Authorities.csv,Rental And Financing Income,Float,Null
Summary_Financial_Information_for_State_Authorities.csv,Other Operating Revenues,Float,Null
Summary_Financial_Information_for_State_Authorities.csv,Total Operating Revenue,Float,Null
Summary_Financial_Information_for_State_Authorities.csv,Salaries And Wages,Float,Null
Summary_Financial_Information_for_State_Authorities.csv,Other Employee Benefits,Float,Null
Summary_Financial_Information_for_State_Authorities.csv,Professional Services Contracts,Float,Null
Summary_Financial_Information_for_State_Authorities.csv,Supplies And Materials,Float,Null
Summary_Financial_Information_for_State_Authorities.csv,Depreciation And Amortization,Float,Null
Summary_Financial_Information_for_State_Authorities.csv,Other Operating Expenses,Float,Null
Summary_Financial_Information_for_State_Authorities.csv,Total Operating Expenses,Float,Null
Summary_Financial_Information_for_State_Authorities.csv,Operating Income (Loss),Float,Null
Summary_Financial_Information_for_State_Authorities.csv,Investment Earnings,Float,Null
Summary_Financial_Information_for_State_Authorities.csv,State Subsidies / Grants,Float,Null
Summary_Financial_Information_for_State_Authorities.csv,Federal Subsidies / Grants,Float,Null
Summary_Financial_Information_for_State_Authorities.csv,Municipal Subsidies / Grants,Float,Null
Summary_Financial_Information_for_State_Authorities.csv,Public Authority Subsidies,Float,Null
Summary_Financial_Information_for_State_Authorities.csv,Other Non-Operating Revenues,Float,Null
Summary_Financial_Information_for_State_Authorities.csv,Total Non-Operating Revenue,Float,Null
Summary_Financial_Information_for_State_Authorities.csv,Interest And Other Financing Charges,Float,Null
Summary_Financial_Information_for_State_Authorities.csv,Subsidies To Other Public Authorities,Float,Null
Summary_Financial_Information_for_State_Authorities.csv,Grants And Donations,Float,Null
Summary_Financial_Information_for_State_Authorities.csv,Other Non-Operating Expenses,Float,Null
Summary_Financial_Information_for_State_Authorities.csv,Total Non-Operating Expenses,Float,Null
Summary_Financial_Information_for_State_Authorities.csv,Income (Loss) Before Contributions,Float,Null
Summary_Financial_Information_for_State_Authorities.csv,Capital Contributions,Float,Null
Summary_Financial_Information_for_State_Authorities.csv,Change In Net Assets,Float,Null
Summary_Financial_Information_for_State_Authorities.csv,Net Assets (Deficit) Beginning Of Year,Float,Null
Summary_Financial_Information_for_State_Authorities.csv,Other Net Assets Changes,Float,Null
Summary_Financial_Information_for_State_Authorities.csv,Net Assets (Deficit) At End Of Year,Float,Null
